scene_id;seq_no;script_page_start;script_page_end;scene_heading;int_ext;location_id;story_time;day_night;cast_ids;extras;props;wardrobe_makeup;set_dressing;vehicles_animals;special_equipment;camera_sound_notes;vfx_sfx;stunts_safety;research_ids;evidence_ids;estimated_screen_time_min;estimated_setup_min;estimated_shoot_time_min;priority;status;notes
SC-001;1;;;INT. YILDIZ VE CEM EVİ - GECE;INT;LOC-001;GECE;NIGHT;EL-005,EL-006;;Viski bardağı,Çerçeveli fotoğraf,Kravatlar,Küçük makas;İç çamaşırı, gece kıyafeti;Yatak odası, gardırop, banyo çekmeceleri;;;;;Fiziksel mücadele ve bağlama sahnelerinde oyuncu güvenliği önlemleri.;;;1.5;;90;;REVIEW;source=screenplay | source_changed=screenplay
SC-002;2;;;INT. SPOR SALONU - GÜNDÜZ;INT;LOC-002;GÜNDÜZ;DAY;EL-013,EL-014,EL-015;;Tığ saç tokası,Paspas ve kova,makas;Dövüş şortu ve atlet, yıpranmış kot tulum ve şapka/kapüşonlu ceket;;;;;;Wing Chun koreografisi ve düşüş minderleri kontrol edilmeli.;;;2;;120;;REVIEW;source=screenplay | source_changed=screenplay
SC-003;3;;;EXT/INT. ÖZGÜ'NÜN ARABASI / YOL - GÜNDÜZ;INT/EXT;LOC-003;GÜNDÜZ;DAY;EL-013;;Tığ saç tokası,Akıllı telefon,Adalet terazisi dikiz aynası süsü;;;;;PROD NOTU: Anne ve Aziz karakterleri için karşı sahne veya mekân çekimi YAPILMAYACAKTIR. Telefon konuşmaları araç kitinden gelen ses (V.O.) olarak kaydedilecektir.;;;;;2.5;;90;;REVIEW;source=screenplay | source_changed=screenplay
SC-004;4;;;EXT/INT. ÖZGÜ'NÜN ARABASI / DAĞ YOLU - GÜNDÜZ;INT/EXT;LOC-003;GÜNDÜZ;DAY;EL-013;;Akıllı telefon,Kapağı kapalı adalet terazisi;;;;;PROD NOTU: Yargıç Turan karakteri için karşı sahne çekilmeyecektir. Konuşma V.O. olarak kaydedilecektir. Tecavüz anı hatırlatmaları kısa siyah-beyaz flashback olarak kurgulanacaktır.;;Araç sürüşü sırasında düşen kaya ve aniden durma manevra güvenliği.;;;3;;120;;DRAFT;source=screenplay
SC-005;5;;;EXT/INT. ÖZGÜ'NÜN ARABASI / SAHİL YOLU - GÜNDÜZ;INT/EXT;LOC-003;GÜNDÜZ;DAY;EL-013;;Akıllı telefon,Benzin azaldı ikazı ekranı,Benzinlik 3 km tabelası;;;;;PROD NOTU: Müvekkil Şebnem karakteri için karşı sahne çekilmeyecektir. Konuşma V.O. olarak kaydedilecektir.;;;;;2;;60;;DRAFT;source=screenplay
SC-006;6;;;EXT/INT. BENZİN İSTASYONU VE MARKET - GÜNDÜZ;INT/EXT;LOC-004;GÜNDÜZ;DAY;EL-013,EL-024,EL-025;;Voleybol topu,Su şişesi,Nakit para;Hande: Voleybol Milli Takımı forması (arkasında Hande yazılı);Duvarda karakalem voleybol filesi çizimi, market kasası;;;;;;;;2.5;;120;;DRAFT;source=screenplay
SC-007;7;;;EXT. BENZİN İSTASYONU POMPA ALANI - GÜNDÜZ;EXT;LOC-004;GÜNDÜZ;DAY;EL-024,EL-031;;Motosiklet,Küçük hap kutusu / ilaç;Dövmeli: Karmaşık vücut dövmeleri, kirli görünüm;;;;;;;;;1;;60;;DRAFT;source=screenplay
SC-008;8;;;INT. BENZİN İSTASYONU TUVALETİ - GÜNDÜZ;INT;LOC-005;GÜNDÜZ;DAY;EL-013,EL-031;;Tığ saç tokası,Kadın çantası,Dövüş kıyafetleri (şort/tişört),Küçük ilaç kutusu / hap,Kırık ayna ve makyaj malzemeleri;Özgü: Çiçekli elbise -> Dövüş şortu ve tişörtü, kan efektleri. Dövmeli: Kovboy botları, yoğun vücut dövmeleri, kan efektleri.;Aynalar, lavabolar, tuvalet kabinleri, kan efektleri;;;;;Yoğun dövüş, duvara vurma ve tığ toka darbe sahnelerinde profesyonel dublör/koreografi ve güvenlik önlemleri şarttır.;;;4.5;;240;;DRAFT;source=screenplay
SC-009;9;;;EXT/INT. BENZİN İSTASYONU VE ARABA - GÜNDÜZ / GECE;INT/EXT;LOC-004;GÜNDÜZ / GECE;DAY;EL-013,EL-024,EL-041;;Nakit para,Siyah göz kalemi,Benzin fişi,Aseton ve pamuk;;Pompa makinesi, kamera servis aracı;;;;;;;;3;;120;;DRAFT;source=screenplay
