budget_item_id;category;sub_category;description;quantity;unit;unit_cost_try;subtotal_try;contingency_pct;contingency_try;total_try;approval_status;paid_status;scene_ids;location_id;supply_method;usage_purpose;producer_note;notes
B-001;📍 Mekân Kiralama Bütçesi;Mekân;Yıldız ve Cem Evi / Yatak Odası (LOC-001) Kiralama & İzin;1;day;5000;5000;0;0;5000;NEEDS_APPROVAL;UNPAID;;;Özgün İmalat;Yıldız ve Cem Evi / Yatak Odası (LOC-001) Kiralama & İzin için kullanım.;;dependency_changed=manual
B-002;📍 Mekân Kiralama Bütçesi;Mekân;Emin'in Spor Salonu (LOC-002) Kiralama & İzin;1;day;5000;5000;0;0;5000;NEEDS_APPROVAL;UNPAID;;;Satın Alma;Emin'in Spor Salonu (LOC-002) Kiralama & İzin için kullanım.;;dependency_changed=manual
B-003;📍 Mekân Kiralama Bütçesi;Mekân;Özgü'nün Arabası / Sahil Yolu (LOC-003) Kiralama & İzin;1;day;13207.7;13207.7;0;0;13207.7;NEEDS_APPROVAL;UNPAID;;;Satın Alma;Özgü'nün Arabası / Sahil Yolu (LOC-003) Kiralama & İzin için kullanım.;;dependency_changed=manual
B-004;📍 Mekân Kiralama Bütçesi;Mekân;Benzin İstasyonu ve Yol (LOC-004) Kiralama & İzin;1;day;5000;5000;0;0;5000;NEEDS_APPROVAL;UNPAID;;;Satın Alma;Benzin İstasyonu ve Yol (LOC-004) Kiralama & İzin için kullanım.;;dependency_changed=manual
B-005;📍 Mekân Kiralama Bütçesi;Mekân;Benzin İstasyonu Tuvaleti (LOC-005) Kiralama & İzin;1;day;5000;5000;0;0;5000;NEEDS_APPROVAL;UNPAID;;;Satın Alma;Benzin İstasyonu Tuvaleti (LOC-005) Kiralama & İzin için kullanım.;;dependency_changed=manual
B-006;🎒 Aksesuar & Dekor Bütçesi;Aksesuar (Prop);Viski bardağı (Sanat & Aksesuar);1;adet;1200;1200;0;0;1200;NEEDS_APPROVAL;UNPAID;;;Satın Alma;Viski bardağı (Sanat & Aksesuar) için kullanım.;;dependency_changed=manual
B-007;🎒 Aksesuar & Dekor Bütçesi;Aksesuar (Prop);Çerçeveli fotoğraf (Sanat & Aksesuar);1;adet;1200;1200;0;0;1200;NEEDS_APPROVAL;UNPAID;;;Satın Alma;Çerçeveli fotoğraf (Sanat & Aksesuar) için kullanım.;;dependency_changed=manual
B-008;🎒 Aksesuar & Dekor Bütçesi;Aksesuar (Prop);Kravatlar (Sanat & Aksesuar);1;adet;1200;1200;0;0;1200;NEEDS_APPROVAL;UNPAID;;;Satın Alma;Kravatlar (Sanat & Aksesuar) için kullanım.;;dependency_changed=manual
B-009;🎒 Aksesuar & Dekor Bütçesi;Aksesuar (Prop);Küçük makas (Sanat & Aksesuar);1;adet;1200;1200;0;0;1200;NEEDS_APPROVAL;UNPAID;;;Satın Alma;Küçük makas (Sanat & Aksesuar) için kullanım.;;dependency_changed=manual
B-010;🎒 Aksesuar & Dekor Bütçesi;Aksesuar (Prop);Tığ saç tokası (Sanat & Aksesuar);1;adet;1200;1200;0;0;1200;NEEDS_APPROVAL;UNPAID;;;Satın Alma;Tığ saç tokası (Sanat & Aksesuar) için kullanım.;;dependency_changed=manual
B-011;🎒 Aksesuar & Dekor Bütçesi;Aksesuar (Prop);Paspas ve kova (Sanat & Aksesuar);1;adet;1200;1200;0;0;1200;NEEDS_APPROVAL;UNPAID;;;Satın Alma;Paspas ve kova (Sanat & Aksesuar) için kullanım.;;dependency_changed=manual
B-012;🎒 Aksesuar & Dekor Bütçesi;Aksesuar (Prop);makas (Sanat & Aksesuar);1;adet;1200;1200;0;0;1200;NEEDS_APPROVAL;UNPAID;;;Satın Alma;makas (Sanat & Aksesuar) için kullanım.;;dependency_changed=manual
B-013;🎒 Aksesuar & Dekor Bütçesi;Aksesuar (Prop);Akıllı telefon (Sanat & Aksesuar);1;adet;1200;1200;0;0;1200;NEEDS_APPROVAL;UNPAID;;;Satın Alma;Akıllı telefon (Sanat & Aksesuar) için kullanım.;;dependency_changed=manual
B-014;🎒 Aksesuar & Dekor Bütçesi;Aksesuar (Prop);Adalet terazisi dikiz aynası süsü (Sanat & Aksesuar);1;adet;1200;1200;0;0;1200;NEEDS_APPROVAL;UNPAID;;;Satın Alma;Adalet terazisi dikiz aynası süsü (Sanat & Aksesuar) için kullanım.;;dependency_changed=manual
B-015;🎒 Aksesuar & Dekor Bütçesi;Aksesuar (Prop);Kapağı kapalı adalet terazisi (Sanat & Aksesuar);1;adet;1200;1200;0;0;1200;NEEDS_APPROVAL;UNPAID;;;Satın Alma;Kapağı kapalı adalet terazisi (Sanat & Aksesuar) için kullanım.;;dependency_changed=manual
B-016;🎒 Aksesuar & Dekor Bütçesi;Aksesuar (Prop);Benzin azaldı ikazı ekranı (Sanat & Aksesuar);1;adet;1200;1200;0;0;1200;NEEDS_APPROVAL;UNPAID;;;Satın Alma;Benzin azaldı ikazı ekranı (Sanat & Aksesuar) için kullanım.;;dependency_changed=manual
B-017;🎒 Aksesuar & Dekor Bütçesi;Aksesuar (Prop);Benzinlik 3 km tabelası (Sanat & Aksesuar);1;adet;1200;1200;0;0;1200;NEEDS_APPROVAL;UNPAID;;;Satın Alma;Benzinlik 3 km tabelası (Sanat & Aksesuar) için kullanım.;;dependency_changed=manual
B-018;🎒 Aksesuar & Dekor Bütçesi;Aksesuar (Prop);Voleybol topu (Sanat & Aksesuar);1;adet;1200;1200;0;0;1200;NEEDS_APPROVAL;UNPAID;;;Satın Alma;Voleybol topu (Sanat & Aksesuar) için kullanım.;;dependency_changed=manual
B-019;🎒 Aksesuar & Dekor Bütçesi;Aksesuar (Prop);Su şişesi (Sanat & Aksesuar);1;adet;1200;1200;0;0;1200;NEEDS_APPROVAL;UNPAID;;;Satın Alma;Su şişesi (Sanat & Aksesuar) için kullanım.;;dependency_changed=manual
B-020;🎒 Aksesuar & Dekor Bütçesi;Aksesuar (Prop);Nakit para (Sanat & Aksesuar);1;adet;1200;1200;0;0;1200;NEEDS_APPROVAL;UNPAID;;;Satın Alma;Nakit para (Sanat & Aksesuar) için kullanım.;;dependency_changed=manual
B-021;🎒 Aksesuar & Dekor Bütçesi;Aksesuar (Prop);Motosiklet (Sanat & Aksesuar);1;adet;1200;1200;0;0;1200;NEEDS_APPROVAL;UNPAID;;;Satın Alma;Motosiklet (Sanat & Aksesuar) için kullanım.;;dependency_changed=manual
B-022;🎒 Aksesuar & Dekor Bütçesi;Aksesuar (Prop);Küçük hap kutusu / ilaç (Sanat & Aksesuar);1;adet;1200;1200;0;0;1200;NEEDS_APPROVAL;UNPAID;;;Satın Alma;Küçük hap kutusu / ilaç (Sanat & Aksesuar) için kullanım.;;dependency_changed=manual
B-023;🎒 Aksesuar & Dekor Bütçesi;Aksesuar (Prop);Kadın çantası (Sanat & Aksesuar);1;adet;1200;1200;0;0;1200;NEEDS_APPROVAL;UNPAID;;;Satın Alma;Kadın çantası (Sanat & Aksesuar) için kullanım.;;dependency_changed=manual
B-024;🎒 Aksesuar & Dekor Bütçesi;Aksesuar (Prop);Dövüş kıyafetleri (şort/tişört) (Sanat & Aksesuar);1;adet;1200;1200;0;0;1200;NEEDS_APPROVAL;UNPAID;;;Satın Alma;Dövüş kıyafetleri (şort/tişört) (Sanat & Aksesuar) için kullanım.;;dependency_changed=manual
B-025;🎒 Aksesuar & Dekor Bütçesi;Aksesuar (Prop);Küçük ilaç kutusu / hap (Sanat & Aksesuar);1;adet;1200;1200;0;0;1200;NEEDS_APPROVAL;UNPAID;;;Satın Alma;Küçük ilaç kutusu / hap (Sanat & Aksesuar) için kullanım.;;dependency_changed=manual
B-026;🎒 Aksesuar & Dekor Bütçesi;Aksesuar (Prop);Kırık ayna ve makyaj malzemeleri (Sanat & Aksesuar);1;adet;1200;1200;0;0;1200;NEEDS_APPROVAL;UNPAID;;;Satın Alma;Kırık ayna ve makyaj malzemeleri (Sanat & Aksesuar) için kullanım.;;dependency_changed=manual
B-027;🎒 Aksesuar & Dekor Bütçesi;Aksesuar (Prop);Siyah göz kalemi (Sanat & Aksesuar);1;adet;1200;1200;0;0;1200;NEEDS_APPROVAL;UNPAID;;;Satın Alma;Siyah göz kalemi (Sanat & Aksesuar) için kullanım.;;dependency_changed=manual
B-028;🎒 Aksesuar & Dekor Bütçesi;Aksesuar (Prop);Benzin fişi (Sanat & Aksesuar);1;adet;1200;1200;0;0;1200;NEEDS_APPROVAL;UNPAID;;;Satın Alma;Benzin fişi (Sanat & Aksesuar) için kullanım.;;dependency_changed=manual
B-029;🎒 Aksesuar & Dekor Bütçesi;Aksesuar (Prop);Aseton ve pamuk (Sanat & Aksesuar);1;adet;1200;1200;0;0;1200;NEEDS_APPROVAL;UNPAID;;;Satın Alma;Aseton ve pamuk (Sanat & Aksesuar) için kullanım.;;dependency_changed=manual
B-030;👗 Kostüm & Makyaj Bütçesi;Kostüm;İç çamaşırı Hazırlığı;1;adet;1500;1500;0;0;1500;NEEDS_APPROVAL;UNPAID;;;Satın Alma;İç çamaşırı Hazırlığı için kullanım.;;dependency_changed=manual
B-031;👗 Kostüm & Makyaj Bütçesi;Kostüm;gece kıyafeti Hazırlığı;1;adet;1500;1500;0;0;1500;NEEDS_APPROVAL;UNPAID;;;Satın Alma;gece kıyafeti Hazırlığı için kullanım.;;dependency_changed=manual
B-032;👗 Kostüm & Makyaj Bütçesi;Kostüm;Dövüş şortu ve atlet Hazırlığı;1;adet;1500;1500;0;0;1500;NEEDS_APPROVAL;UNPAID;;;Satın Alma;Dövüş şortu ve atlet Hazırlığı için kullanım.;;dependency_changed=manual
B-033;👗 Kostüm & Makyaj Bütçesi;Kostüm;yıpranmış kot tulum ve şapka/kapüşonlu ceket Hazırlığı;1;adet;1500;1500;0;0;1500;NEEDS_APPROVAL;UNPAID;;;Satın Alma;yıpranmış kot tulum ve şapka/kapüşonlu ceket Hazırlığı için kullanım.;;dependency_changed=manual
B-034;👗 Kostüm & Makyaj Bütçesi;Kostüm;Hande: Voleybol Milli Takımı forması (arkasında Hande yazılı) Hazırlığı;1;adet;1500;1500;0;0;1500;NEEDS_APPROVAL;UNPAID;;;Satın Alma;Hande: Voleybol Milli Takımı forması (arkasında Hande yazılı) Hazırlığı için kullanım.;;dependency_changed=manual
B-035;👗 Kostüm & Makyaj Bütçesi;Kostüm;Dövmeli: Karmaşık vücut dövmeleri Hazırlığı;1;adet;1500;1500;0;0;1500;NEEDS_APPROVAL;UNPAID;;;Satın Alma;Dövmeli: Karmaşık vücut dövmeleri Hazırlığı için kullanım.;;dependency_changed=manual
B-036;👗 Kostüm & Makyaj Bütçesi;Kostüm;kirli görünüm Hazırlığı;1;adet;1500;1500;0;0;1500;NEEDS_APPROVAL;UNPAID;;;Satın Alma;kirli görünüm Hazırlığı için kullanım.;;dependency_changed=manual
B-037;👗 Kostüm & Makyaj Bütçesi;Kostüm;Özgü: Çiçekli elbise -> Dövüş şortu ve tişörtü Hazırlığı;1;adet;1500;1500;0;0;1500;NEEDS_APPROVAL;UNPAID;;;Satın Alma;Özgü: Çiçekli elbise -> Dövüş şortu ve tişörtü Hazırlığı için kullanım.;;dependency_changed=manual
B-038;👗 Kostüm & Makyaj Bütçesi;Kostüm;kan efektleri. Dövmeli: Kovboy botları Hazırlığı;1;adet;1500;1500;0;0;1500;NEEDS_APPROVAL;UNPAID;;;Satın Alma;kan efektleri. Dövmeli: Kovboy botları Hazırlığı için kullanım.;;dependency_changed=manual
B-039;👗 Kostüm & Makyaj Bütçesi;Kostüm;yoğun vücut dövmeleri Hazırlığı;1;adet;1500;1500;0;0;1500;NEEDS_APPROVAL;UNPAID;;;Satın Alma;yoğun vücut dövmeleri Hazırlığı için kullanım.;;dependency_changed=manual
B-040;👗 Kostüm & Makyaj Bütçesi;Kostüm;kan efektleri. Hazırlığı;1;adet;1500;1500;0;0;1500;NEEDS_APPROVAL;UNPAID;;;Satın Alma;kan efektleri. Hazırlığı için kullanım.;;dependency_changed=manual
B-041;🥊 Oyuncu Kaşeleri Bütçesi;Oyuncu;CEM Oyuncu Kaşesi;1;day;10000;10000;0;0;10000;NEEDS_APPROVAL;UNPAID;;;Satın Alma;CEM Oyuncu Kaşesi için kullanım.;;dependency_changed=manual
B-042;🥊 Oyuncu Kaşeleri Bütçesi;Oyuncu;YILDIZ Oyuncu Kaşesi;1;day;10000;10000;0;0;10000;NEEDS_APPROVAL;UNPAID;;;Satın Alma;YILDIZ Oyuncu Kaşesi için kullanım.;;dependency_changed=manual
B-043;🥊 Oyuncu Kaşeleri Bütçesi;Oyuncu;ÖZGÜ Oyuncu Kaşesi;1;day;10000;10000;0;0;10000;NEEDS_APPROVAL;UNPAID;;;Satın Alma;ÖZGÜ Oyuncu Kaşesi için kullanım.;;dependency_changed=manual
B-044;🥊 Oyuncu Kaşeleri Bütçesi;Oyuncu;EMİN Oyuncu Kaşesi;1;day;10000;10000;0;0;10000;NEEDS_APPROVAL;UNPAID;;;Satın Alma;EMİN Oyuncu Kaşesi için kullanım.;;dependency_changed=manual
B-045;🥊 Oyuncu Kaşeleri Bütçesi;Oyuncu;KAPÜŞONLU PASPASÇI Oyuncu Kaşesi;1;day;10000;10000;0;0;10000;NEEDS_APPROVAL;UNPAID;;;Satın Alma;KAPÜŞONLU PASPASÇI Oyuncu Kaşesi için kullanım.;;dependency_changed=manual
B-046;🥊 Oyuncu Kaşeleri Bütçesi;Oyuncu;HANDE Oyuncu Kaşesi;1;day;10000;10000;0;0;10000;NEEDS_APPROVAL;UNPAID;;;Satın Alma;HANDE Oyuncu Kaşesi için kullanım.;;dependency_changed=manual
B-047;🥊 Oyuncu Kaşeleri Bütçesi;Oyuncu;DEDE Oyuncu Kaşesi;1;day;10000;10000;0;0;10000;NEEDS_APPROVAL;UNPAID;;;Satın Alma;DEDE Oyuncu Kaşesi için kullanım.;;dependency_changed=manual
B-048;🥊 Oyuncu Kaşeleri Bütçesi;Oyuncu;DÖVMELİ Oyuncu Kaşesi;1;day;10000;10000;0;0;10000;NEEDS_APPROVAL;UNPAID;;;Satın Alma;DÖVMELİ Oyuncu Kaşesi için kullanım.;;dependency_changed=manual
B-049;🥊 Oyuncu Kaşeleri Bütçesi;Oyuncu;KAPÜŞONLU GÖLGE Oyuncu Kaşesi;1;day;10000;10000;0;0;10000;NEEDS_APPROVAL;UNPAID;;;Satın Alma;KAPÜŞONLU GÖLGE Oyuncu Kaşesi için kullanım.;;dependency_changed=manual
B-050;🎥 Ekipman & Işık/Kamera Bütçesi;Kamera Seti;RED / ARRI Kamera Seti & Lens Paket Kiralama;1;day;25000;25000;0;0;25000;NEEDS_APPROVAL;UNPAID;;;Satın Alma;RED / ARRI Kamera Seti & Lens Paket Kiralama için kullanım.;;dependency_changed=manual
B-051;📍 Mekân Kiralama Bütçesi;Yeni Kalem;İhtiyaç açıklaması;1;adet;1000;1000;0;0;1000;NEEDS_APPROVAL;UNPAID;;;Satın Alma;İlgili sahne gereksinimi için.;;dependency_changed=manual
B-052;🎥 Ekipman & Işık/Kamera Bütçesi;Yeni Kalem;İhtiyaç açıklaması;1;adet;1000;1000;0;0;1000;NEEDS_APPROVAL;UNPAID;;;Satın Alma;İlgili sahne gereksinimi için.;;dependency_changed=manual
